{"stats":{"minecraft:picked_up":{"minecraft:sand":7,"minecraft:oak_log":2,"minecraft:oak_sapling":1},"minecraft:mined":{"minecraft:short_grass":3,"minecraft:oak_log":2,"minecraft:oak_leaves":5,"minecraft:sand":7},"minecraft:custom":{"minecraft:jump":55,"minecraft:time_since_rest":5755,"minecraft:damage_dealt":50,"minecraft:sprint_one_cm":3900,"minecraft:play_time":5755,"minecraft:time_since_death":5755,"minecraft:walk_one_cm":6051,"minecraft:total_world_time":5755,"minecraft:fall_one_cm":418,"minecraft:fly_one_cm":6232}},"DataVersion":3953}