{"stats":{"minecraft:custom":{"minecraft:mob_kills":176,"minecraft:interact_with_crafting_table":73,"minecraft:bell_ring":24,"minecraft:leave_game":6,"minecraft:time_since_death":32524,"minecraft:sprint_one_cm":804494,"minecraft:walk_one_cm":689773,"minecraft:damage_blocked_by_shield":1800,"minecraft:drop":30,"minecraft:talked_to_villager":6,"minecraft:play_time":371535,"minecraft:deaths":5,"minecraft:sneak_time":23444,"minecraft:walk_under_water_one_cm":225842,"minecraft:jump":6489,"minecraft:walk_on_water_one_cm":81751,"minecraft:total_world_time":440293,"minecraft:interact_with_furnace":80,"minecraft:sleep_in_bed":13,"minecraft:time_since_rest":10909,"minecraft:damage_taken":4399,"minecraft:damage_dealt":20217,"minecraft:swim_one_cm":712038,"minecraft:fly_one_cm":992918,"minecraft:open_chest":169,"minecraft:crouch_one_cm":59521,"minecraft:fall_one_cm":140890},"minecraft:broken":{"minecraft:stone_hoe":1,"minecraft:stone_pickaxe":3,"minecraft:stone_axe":2,"minecraft:iron_pickaxe":4,"minecraft:stone_shovel":1},"minecraft:killed_by":{"minecraft:creeper":2},"minecraft:used":{"minecraft:flint_and_steel":2,"minecraft:stone_shovel":233,"minecraft:poppy":1,"minecraft:chest":6,"minecraft:shield":72,"minecraft:iron_sword":336,"minecraft:cooked_salmon":12,"minecraft:bell":2,"minecraft:cooked_chicken":4,"minecraft:stone_hoe":278,"minecraft:rotten_flesh":33,"minecraft:netherrack":17,"minecraft:oak_door":15,"minecraft:iron_chestplate":1,"minecraft:torch":431,"minecraft:dirt":135,"minecraft:mutton":1,"minecraft:carrot":13,"minecraft:tuff":7,"minecraft:obsidian":10,"minecraft:iron_boots":1,"minecraft:oak_sapling":2,"minecraft:furnace":10,"minecraft:potato":7,"minecraft:cooked_beef":17,"minecraft:cobbled_deepslate":350,"minecraft:iron_leggings":2,"minecraft:cooked_mutton":12,"minecraft:water_bucket":203,"minecraft:diorite":1,"minecraft:birch_planks":99,"minecraft:stone_pickaxe":508,"minecraft:oak_planks":2,"minecraft:wooden_pickaxe":42,"minecraft:composter":3,"minecraft:sugar_cane":4,"minecraft:white_wool":3,"minecraft:crafting_table":15,"minecraft:white_bed":7,"minecraft:diamond_pickaxe":31,"minecraft:birch_slab":40,"minecraft:iron_pickaxe":1250,"minecraft:spruce_sapling":4,"minecraft:gravel":4,"minecraft:stone_axe":277,"minecraft:cobblestone":352,"minecraft:cooked_porkchop":8,"minecraft:andesite":1,"minecraft:bucket":205,"minecraft:yellow_bed":3},"minecraft:killed":{"minecraft:cave_spider":8,"minecraft:spider":2,"minecraft:slime":12,"minecraft:skeleton":10,"minecraft:chicken":10,"minecraft:silverfish":2,"minecraft:turtle":3,"minecraft:pig":22,"minecraft:salmon":13,"minecraft:iron_golem":1,"minecraft:bat":1,"minecraft:creeper":3,"minecraft:sheep":30,"minecraft:zombie":28,"minecraft:cow":31},"minecraft:mined":{"minecraft:nether_gold_ore":7,"minecraft:tuff":18,"minecraft:white_bed":5,"minecraft:deepslate_diamond_ore":14,"minecraft:oak_door":15,"minecraft:sculk_vein":1,"minecraft:obsidian":15,"minecraft:granite":8,"minecraft:grass_block":139,"minecraft:soul_soil":2,"minecraft:spruce_leaves":30,"minecraft:composter":2,"minecraft:large_fern":6,"minecraft:magma_block":1,"minecraft:sculk_catalyst":1,"minecraft:spruce_sapling":3,"minecraft:furnace":8,"minecraft:carrots":6,"minecraft:iron_ore":44,"minecraft:cobbled_deepslate":58,"minecraft:fire":4,"minecraft:andesite":15,"minecraft:deepslate_lapis_ore":4,"minecraft:gold_block":2,"minecraft:bell":4,"minecraft:potatoes":4,"minecraft:deepslate_iron_ore":35,"minecraft:stone":439,"minecraft:white_wool":3,"minecraft:deepslate_redstone_ore":2,"minecraft:crafting_table":11,"minecraft:torch":35,"minecraft:short_grass":60,"minecraft:blast_furnace":2,"minecraft:emerald_ore":1,"minecraft:chest":1,"minecraft:rose_bush":1,"minecraft:sculk_sensor":5,"minecraft:tall_grass":10,"minecraft:cobblestone":88,"minecraft:deepslate_gold_ore":44,"minecraft:oak_planks":1,"minecraft:sugar_cane":34,"minecraft:sculk":8,"minecraft:diorite":23,"minecraft:wall_torch":16,"minecraft:birch_planks":13,"minecraft:wheat":11,"minecraft:birch_log":39,"minecraft:sweet_berry_bush":2,"minecraft:birch_leaves":4,"minecraft:yellow_bed":5,"minecraft:oak_log":87,"minecraft:coal_ore":424,"minecraft:gravel":20,"minecraft:dirt":145,"minecraft:cobweb":14,"minecraft:stonecutter":1,"minecraft:netherrack":63,"minecraft:gold_ore":5,"minecraft:oak_leaves":23,"minecraft:deepslate":461,"minecraft:infested_stone":2,"minecraft:fern":2},"minecraft:dropped":{"minecraft:water_bucket":1,"minecraft:wheat_seeds":3,"minecraft:granite":8,"minecraft:stick":1,"minecraft:diorite":10,"minecraft:cooked_salmon":2,"minecraft:gold_ingot":16,"minecraft:cobbled_deepslate":4,"minecraft:birch_sapling":2,"minecraft:spider_eye":2,"minecraft:stone_pickaxe":1,"minecraft:netherrack":2},"minecraft:picked_up":{"minecraft:crafting_table":11,"minecraft:iron_chestplate":1,"minecraft:wheat":2,"minecraft:chicken":9,"minecraft:wooden_pickaxe":1,"minecraft:gold_block":2,"minecraft:potion":1,"minecraft:shield":1,"minecraft:string":21,"minecraft:soul_soil":1,"minecraft:cooked_salmon":2,"minecraft:iron_leggings":1,"minecraft:blackstone":12,"minecraft:gold_nugget":29,"minecraft:cobbled_deepslate":489,"minecraft:bucket":1,"minecraft:beef":58,"minecraft:rose_bush":1,"minecraft:poppy":1,"minecraft:sugar_cane":69,"minecraft:chest":1,"minecraft:birch_sapling":3,"minecraft:furnace":8,"minecraft:egg":5,"minecraft:stick":12,"minecraft:raw_iron":79,"minecraft:oak_door":15,"minecraft:composter":2,"minecraft:torch":95,"minecraft:porkchop":36,"minecraft:fire_charge":2,"minecraft:diorite":21,"minecraft:carrot":13,"minecraft:redstone":9,"minecraft:arrow":10,"minecraft:rotten_flesh":27,"minecraft:gold_ingot":9,"minecraft:obsidian":15,"minecraft:mutton":50,"minecraft:white_wool":33,"minecraft:cobblestone":536,"minecraft:birch_log":41,"minecraft:feather":7,"minecraft:andesite":17,"minecraft:water_bucket":4,"minecraft:salmon":12,"minecraft:brown_wool":1,"minecraft:leather":33,"minecraft:potato":7,"minecraft:birch_planks":13,"minecraft:flint":5,"minecraft:tuff":16,"minecraft:oak_log":87,"minecraft:golden_boots":1,"minecraft:yellow_bed":5,"minecraft:gunpowder":1,"minecraft:lapis_lazuli":28,"minecraft:dirt":279,"minecraft:cooked_mutton":4,"minecraft:bone":6,"minecraft:apple":2,"minecraft:stonecutter":1,"minecraft:bow":1,"minecraft:wheat_seeds":29,"minecraft:raw_gold":49,"minecraft:bell":4,"minecraft:iron_ingot":4,"minecraft:stone_pickaxe":1,"minecraft:oak_planks":3,"minecraft:dandelion":2,"minecraft:gravel":28,"minecraft:spruce_sapling":4,"minecraft:blast_furnace":2,"minecraft:white_bed":5,"minecraft:spectral_arrow":12,"minecraft:spider_eye":4,"minecraft:slime_ball":9,"minecraft:diamond":14,"minecraft:granite":8,"minecraft:gray_wool":1,"minecraft:emerald":1,"minecraft:oak_sapling":8,"minecraft:netherrack":46,"minecraft:coal":476},"minecraft:crafted":{"minecraft:oak_door":3,"minecraft:oak_planks":172,"minecraft:stone_shovel":3,"minecraft:cooked_chicken":4,"minecraft:birch_slab":66,"minecraft:furnace":3,"minecraft:cooked_mutton":27,"minecraft:flint_and_steel":1,"minecraft:iron_boots":1,"minecraft:stone_pickaxe":5,"minecraft:chest":5,"minecraft:stone_hoe":5,"minecraft:golden_boots":1,"minecraft:cooked_beef":35,"minecraft:cooked_porkchop":8,"minecraft:crafting_table":4,"minecraft:wooden_pickaxe":1,"minecraft:iron_sword":2,"minecraft:cooked_salmon":12,"minecraft:bucket":2,"minecraft:birch_planks":164,"minecraft:stone_axe":3,"minecraft:air":0,"minecraft:white_wool":5,"minecraft:iron_chestplate":2,"minecraft:diamond_pickaxe":1,"minecraft:golden_apple":1,"minecraft:shield":2,"minecraft:stick":150,"minecraft:iron_ingot":64,"minecraft:iron_pickaxe":5,"minecraft:wooden_axe":1,"minecraft:iron_leggings":2,"minecraft:gold_ingot":44,"minecraft:white_bed":2,"minecraft:composter":1,"minecraft:torch":332}},"DataVersion":3953}