{"stats":{"minecraft:mined":{"minecraft:nether_gold_ore":7,"minecraft:tuff":18,"minecraft:white_bed":1,"minecraft:deepslate_diamond_ore":14,"minecraft:oak_door":15,"minecraft:sculk_vein":1,"minecraft:obsidian":15,"minecraft:granite":8,"minecraft:grass_block":28,"minecraft:soul_soil":2,"minecraft:sculk_catalyst":1,"minecraft:furnace":8,"minecraft:iron_ore":44,"minecraft:cobbled_deepslate":58,"minecraft:fire":4,"minecraft:andesite":15,"minecraft:deepslate_lapis_ore":4,"minecraft:deepslate_iron_ore":35,"minecraft:stone":439,"minecraft:white_wool":3,"minecraft:deepslate_redstone_ore":2,"minecraft:crafting_table":9,"minecraft:torch":35,"minecraft:short_grass":12,"minecraft:emerald_ore":1,"minecraft:chest":1,"minecraft:rose_bush":1,"minecraft:sculk_sensor":5,"minecraft:tall_grass":5,"minecraft:cobblestone":88,"minecraft:deepslate_gold_ore":44,"minecraft:sugar_cane":8,"minecraft:oak_planks":1,"minecraft:sculk":8,"minecraft:diorite":23,"minecraft:wall_torch":16,"minecraft:birch_log":26,"minecraft:birch_leaves":2,"minecraft:oak_log":78,"minecraft:coal_ore":424,"minecraft:gravel":20,"minecraft:dirt":127,"minecraft:cobweb":14,"minecraft:netherrack":55,"minecraft:gold_ore":5,"minecraft:oak_leaves":18,"minecraft:deepslate":461,"minecraft:infested_stone":2},"minecraft:killed":{"minecraft:cave_spider":8,"minecraft:spider":2,"minecraft:slime":12,"minecraft:skeleton":9,"minecraft:chicken":4,"minecraft:silverfish":2,"minecraft:pig":5,"minecraft:salmon":13,"minecraft:bat":1,"minecraft:creeper":3,"minecraft:sheep":19,"minecraft:zombie":28,"minecraft:cow":18},"minecraft:dropped":{"minecraft:granite":8,"minecraft:diorite":10,"minecraft:gold_ingot":16,"minecraft:cobbled_deepslate":4,"minecraft:birch_sapling":2,"minecraft:spider_eye":2,"minecraft:stone_pickaxe":1},"minecraft:used":{"minecraft:flint_and_steel":2,"minecraft:stone_shovel":116,"minecraft:chest":4,"minecraft:shield":68,"minecraft:iron_sword":213,"minecraft:cooked_chicken":4,"minecraft:stone_hoe":17,"minecraft:rotten_flesh":33,"minecraft:netherrack":17,"minecraft:iron_chestplate":1,"minecraft:oak_door":15,"minecraft:torch":431,"minecraft:dirt":69,"minecraft:mutton":1,"minecraft:carrot":1,"minecraft:tuff":7,"minecraft:obsidian":10,"minecraft:iron_boots":1,"minecraft:oak_sapling":2,"minecraft:furnace":10,"minecraft:cooked_beef":17,"minecraft:cobbled_deepslate":350,"minecraft:iron_leggings":2,"minecraft:cooked_mutton":9,"minecraft:water_bucket":150,"minecraft:diorite":1,"minecraft:stone_pickaxe":508,"minecraft:wooden_pickaxe":42,"minecraft:sugar_cane":4,"minecraft:white_wool":3,"minecraft:crafting_table":11,"minecraft:white_bed":2,"minecraft:diamond_pickaxe":31,"minecraft:iron_pickaxe":1232,"minecraft:gravel":4,"minecraft:stone_axe":219,"minecraft:cobblestone":352,"minecraft:cooked_porkchop":8,"minecraft:andesite":1,"minecraft:bucket":153},"minecraft:crafted":{"minecraft:oak_door":3,"minecraft:oak_planks":136,"minecraft:stone_shovel":2,"minecraft:cooked_chicken":4,"minecraft:furnace":3,"minecraft:cooked_mutton":27,"minecraft:flint_and_steel":1,"minecraft:iron_boots":1,"minecraft:stone_pickaxe":5,"minecraft:chest":3,"minecraft:stone_hoe":2,"minecraft:golden_boots":1,"minecraft:cooked_beef":35,"minecraft:cooked_porkchop":8,"minecraft:crafting_table":3,"minecraft:wooden_pickaxe":1,"minecraft:iron_sword":2,"minecraft:cooked_salmon":12,"minecraft:bucket":1,"minecraft:birch_planks":24,"minecraft:stone_axe":3,"minecraft:air":0,"minecraft:white_wool":5,"minecraft:iron_chestplate":2,"minecraft:diamond_pickaxe":1,"minecraft:golden_apple":1,"minecraft:shield":2,"minecraft:stick":142,"minecraft:iron_ingot":64,"minecraft:iron_pickaxe":5,"minecraft:wooden_axe":1,"minecraft:iron_leggings":2,"minecraft:gold_ingot":44,"minecraft:white_bed":1,"minecraft:torch":332},"minecraft:picked_up":{"minecraft:crafting_table":9,"minecraft:chicken":4,"minecraft:wooden_pickaxe":1,"minecraft:potion":1,"minecraft:string":21,"minecraft:soul_soil":1,"minecraft:blackstone":12,"minecraft:gold_nugget":29,"minecraft:cobbled_deepslate":489,"minecraft:bucket":1,"minecraft:beef":35,"minecraft:rose_bush":1,"minecraft:sugar_cane":13,"minecraft:chest":1,"minecraft:birch_sapling":3,"minecraft:furnace":8,"minecraft:egg":5,"minecraft:stick":11,"minecraft:raw_iron":79,"minecraft:oak_door":15,"minecraft:torch":95,"minecraft:porkchop":8,"minecraft:fire_charge":2,"minecraft:diorite":21,"minecraft:carrot":1,"minecraft:redstone":9,"minecraft:arrow":10,"minecraft:rotten_flesh":27,"minecraft:gold_ingot":9,"minecraft:obsidian":15,"minecraft:mutton":32,"minecraft:white_wool":22,"minecraft:cobblestone":536,"minecraft:birch_log":28,"minecraft:feather":2,"minecraft:andesite":17,"minecraft:water_bucket":1,"minecraft:salmon":12,"minecraft:brown_wool":1,"minecraft:leather":22,"minecraft:flint":5,"minecraft:tuff":16,"minecraft:oak_log":78,"minecraft:gunpowder":1,"minecraft:lapis_lazuli":28,"minecraft:dirt":155,"minecraft:cooked_mutton":4,"minecraft:bone":6,"minecraft:apple":2,"minecraft:wheat_seeds":1,"minecraft:raw_gold":49,"minecraft:stone_pickaxe":1,"minecraft:iron_ingot":1,"minecraft:oak_planks":3,"minecraft:dandelion":2,"minecraft:gravel":28,"minecraft:white_bed":1,"minecraft:spectral_arrow":12,"minecraft:spider_eye":4,"minecraft:slime_ball":9,"minecraft:diamond":14,"minecraft:granite":8,"minecraft:gray_wool":1,"minecraft:emerald":1,"minecraft:oak_sapling":8,"minecraft:netherrack":44,"minecraft:coal":476},"minecraft:custom":{"minecraft:mob_kills":124,"minecraft:interact_with_crafting_table":62,"minecraft:leave_game":4,"minecraft:time_since_death":148214,"minecraft:sprint_one_cm":568638,"minecraft:walk_one_cm":521192,"minecraft:damage_blocked_by_shield":1685,"minecraft:drop":24,"minecraft:play_time":292193,"minecraft:deaths":3,"minecraft:sneak_time":19304,"minecraft:walk_under_water_one_cm":214218,"minecraft:jump":4316,"minecraft:walk_on_water_one_cm":52251,"minecraft:total_world_time":360951,"minecraft:interact_with_furnace":80,"minecraft:sleep_in_bed":7,"minecraft:time_since_rest":14825,"minecraft:damage_taken":3690,"minecraft:damage_dealt":13997,"minecraft:swim_one_cm":700202,"minecraft:fly_one_cm":470123,"minecraft:open_chest":153,"minecraft:crouch_one_cm":47973,"minecraft:fall_one_cm":82107},"minecraft:killed_by":{"minecraft:creeper":2},"minecraft:broken":{"minecraft:stone_pickaxe":3,"minecraft:stone_axe":2,"minecraft:iron_pickaxe":4}},"DataVersion":3953}